{"cameraMode":{"drawMode":0,"name":"Shaded","section":"Shading Mode"},"sceneLighting":false,"audioPlay":false,"sceneViewState":{"m_AlwaysRefresh":false,"showFog":true,"showSkybox":false,"showFlares":true,"showImageEffects":true,"showParticleSystems":true,"showVisualEffectGraphs":true,"m_FxEnabled":true},"in2DMode":false,"pivot":{"x":-11.222959518432618,"y":2.704355239868164,"z":-5.155601501464844},"rotation":{"x":0.15908154845237733,"y":-0.04231124743819237,"z":0.006754922680556774,"w":0.9863750338554382},"size":24.24871063232422,"orthographic":false}