{"cameraMode":{"drawMode":0,"name":"Shaded","section":"Shading Mode"},"sceneLighting":false,"audioPlay":false,"sceneViewState":{"m_AlwaysRefresh":false,"showFog":true,"showSkybox":false,"showFlares":true,"showImageEffects":true,"showParticleSystems":true,"showVisualEffectGraphs":true,"m_FxEnabled":true},"in2DMode":false,"pivot":{"x":2.586106300354004,"y":7.484719276428223,"z":4.305824279785156},"rotation":{"x":0.17810924351215363,"y":-0.13448502123355866,"z":0.025899074971675874,"w":0.9747795462608337},"size":19.432056427001954,"orthographic":false}